{"accuracy": [0.8334000110626221, 0.9386666417121887, 0.9624000191688538, 0.9688000082969666, 0.9739333391189575, 0.9771999716758728, 0.9802666902542114, 0.9842000007629395, 0.9825999736785889, 0.9780666828155518, 0.9819999933242798, 0.9833999872207642, 0.9745333194732666, 0.9849333167076111, 0.9906666874885559], "loss": [0.4608323872089386, 0.17596562206745148, 0.11053536087274551, 0.08772385865449905, 0.07472019642591476, 0.06697552651166916, 0.056538425385951996, 0.04487549513578415, 0.05218379199504852, 0.06619229167699814, 0.05298110097646713, 0.04799754172563553, 0.07317585498094559, 0.044359005987644196, 0.02939143404364586], "val_accuracy": [0.8944000005722046, 0.9760000109672546, 0.9787999987602234, 0.9842000007629395, 0.9197999835014343, 0.9890000224113464, 0.9947999715805054, 0.9918000102043152, 0.9919999837875366, 0.9929999709129333, 0.9926000237464905, 0.9869999885559082, 0.9911999702453613, 0.9932000041007996, 0.9941999912261963], "val_loss": [0.32071101665496826, 0.06745382398366928, 0.09262905269861221, 0.05096250772476196, 1.4056626558303833, 0.02953687496483326, 0.01778591424226761, 0.02852112054824829, 0.026424508541822433, 0.018893612548708916, 0.050491563975811005, 0.04131108522415161, 0.02471037767827511, 0.017935439944267273, 0.018296100199222565]}