{"loss": [0.18520581722259521, 0.05557062849402428, 0.03036520630121231, 0.019678829237818718, 0.018689682707190514, 0.010145047679543495, 0.009080236777663231, 0.006988382898271084, 0.006659343838691711, 0.005332109984010458, 0.003446168964728713, 0.004401304293423891, 0.004054337739944458, 0.0030130660161376, 0.0023112839553505182], "accuracy": [0.9372000098228455, 0.9805999994277954, 0.9901333451271057, 0.9936000108718872, 0.9940666556358337, 0.9971333146095276, 0.9973999857902527, 0.9979333281517029, 0.9983333349227905, 0.998533308506012, 0.9991999864578247, 0.9987999796867371, 0.9988666772842407, 0.9991333484649658, 0.9994000196456909], "val_loss": [2.9083640575408936, 0.05587705597281456, 0.0949004739522934, 0.024587344378232956, 0.010368598625063896, 0.012008113786578178, 0.008959324099123478, 0.009420870803296566, 0.02660110779106617, 0.0063112648203969, 0.004240813665091991, 0.06300114095211029, 0.004786082077771425, 0.021453922614455223, 0.0038022438529878855], "val_accuracy": [0.35679998993873596, 0.9828000068664551, 0.9679999947547913, 0.9919999837875366, 0.9976000189781189, 0.9955999851226807, 0.9972000122070312, 0.9965999722480774, 0.9927999973297119, 0.9980000257492065, 0.9987999796867371, 0.9904000163078308, 0.998199999332428, 0.993399977684021, 0.9983999729156494]}