{"loss": [0.7666736245155334, 0.43247440457344055, 0.23056213557720184, 0.1627654880285263, 0.12548163533210754, 0.11079814285039902, 0.08914484828710556, 0.07580012083053589, 0.08527660369873047, 0.06358644366264343, 0.05305889993906021, 0.05086901783943176, 0.046701591461896896, 0.03589267283678055, 0.029739264398813248], "accuracy": [0.640666663646698, 0.8287333250045776, 0.9143999814987183, 0.9379333257675171, 0.9491999745368958, 0.9575999975204468, 0.9663333296775818, 0.9721999764442444, 0.9692000150680542, 0.9760000109672546, 0.9798666834831238, 0.981333315372467, 0.9842666387557983, 0.9873999953269958, 0.9896666407585144], "val_loss": [38.42646026611328, 9.17257308959961, 3.138482093811035, 0.8501259684562683, 0.177038311958313, 0.5180134177207947, 0.2409846931695938, 0.2748350203037262, 0.1646699458360672, 0.5612869262695312, 0.04462570324540138, 0.0276778656989336, 0.035846032202243805, 0.08787912130355835, 0.11588436365127563], "val_accuracy": [0.20000000298023224, 0.30320000648498535, 0.38119998574256897, 0.6976000070571899, 0.9291999936103821, 0.8492000102996826, 0.9161999821662903, 0.8984000086784363, 0.9377999901771545, 0.8029999732971191, 0.9829999804496765, 0.9923999905586243, 0.98580002784729, 0.9652000069618225, 0.954200029373169]}