{"loss": [0.34024643898010254, 0.19670000672340393, 0.1130102127790451, 0.10751506686210632, 0.06911595165729523, 0.05831609293818474, 0.04865265265107155, 0.03378922492265701, 0.022582104429602623, 0.03114466741681099, 0.018044225871562958, 0.01664905808866024, 0.013877268880605698, 0.012857062742114067, 0.01043717935681343], "accuracy": [0.8795999884605408, 0.9323999881744385, 0.9614666700363159, 0.9625333547592163, 0.9775333404541016, 0.9804666638374329, 0.9833999872207642, 0.9886666536331177, 0.993399977684021, 0.989799976348877, 0.9944666624069214, 0.9957333207130432, 0.9965333342552185, 0.9956666827201843, 0.996999979019165], "val_loss": [0.11373758316040039, 0.3002762496471405, 0.036337364464998245, 0.03765217214822769, 0.2825208604335785, 0.02384498342871666, 0.011150480248034, 0.010110806673765182, 0.010828074999153614, 0.012745377607643604, 0.006278931628912687, 0.009542785584926605, 0.008371389470994473, 0.005642779637128115, 0.007285984233021736], "val_accuracy": [0.9584000110626221, 0.9297999739646912, 0.9918000102043152, 0.9865999817848206, 0.9688000082969666, 0.9918000102043152, 0.996999979019165, 0.9955999851226807, 0.996999979019165, 0.996399998664856, 0.9983999729156494, 0.9968000054359436, 0.9980000257492065, 0.998199999332428, 0.9972000122070312]}