{"loss": [0.30841556191444397, 0.12061011046171188, 0.09158385545015335, 0.062066905200481415, 0.06028447300195694, 0.04279438778758049, 0.03959868848323822, 0.02311824820935726, 0.015680914744734764, 0.02312546782195568, 0.0180753655731678, 0.018482759594917297, 0.01128863450139761, 0.01049311738461256, 0.010199912823736668], "accuracy": [0.894266664981842, 0.9556666612625122, 0.9691333174705505, 0.979200005531311, 0.9800666570663452, 0.9851999878883362, 0.9872666597366333, 0.9934666752815247, 0.9954000115394592, 0.9933333396911621, 0.9947333335876465, 0.9942666888237, 0.9969333410263062, 0.9969333410263062, 0.9968000054359436], "val_loss": [0.10487128049135208, 0.07102352380752563, 0.058382898569107056, 0.02464994415640831, 0.022512946277856827, 0.013643530197441578, 0.009470093995332718, 0.008473512716591358, 0.007671492639929056, 0.004979978781193495, 0.011993899941444397, 0.004395755939185619, 0.0027966347988694906, 0.004468085709959269, 0.004338681232184172], "val_accuracy": [0.9589999914169312, 0.9735999703407288, 0.9797999858856201, 0.9911999702453613, 0.9909999966621399, 0.9945999979972839, 0.9980000257492065, 0.996999979019165, 0.9980000257492065, 0.9990000128746033, 0.9955999851226807, 0.9991999864578247, 0.9994000196456909, 0.998199999332428, 0.9980000257492065]}