{"accuracy": [0.9286666512489319, 0.9789333343505859, 0.9896666407585144, 0.9926666617393494, 0.9937333464622498, 0.9963333606719971, 0.9962000250816345, 0.9965999722480774, 0.9975333213806152, 0.9979333281517029, 0.9986000061035156, 0.9987999796867371, 0.9979333281517029, 0.9990000128746033, 0.9986000061035156], "loss": [0.200691357254982, 0.05896773561835289, 0.03504118695855141, 0.02567855268716812, 0.021243803203105927, 0.014902353286743164, 0.014143399894237518, 0.011486341245472431, 0.010406211018562317, 0.007623756304383278, 0.006292047444730997, 0.005925547331571579, 0.0076138656586408615, 0.005061366129666567, 0.005454377271234989], "val_accuracy": [0.27480000257492065, 0.2680000066757202, 0.23600000143051147, 0.7310000061988831, 0.920799970626831, 0.9222000241279602, 0.9807999730110168, 0.9941999912261963, 0.9900000095367432, 0.979200005531311, 0.8687999844551086, 0.9383999705314636, 0.9733999967575073, 0.9613999724388123, 0.9854000210762024], "val_loss": [1.8389755487442017, 2.3966166973114014, 2.1210057735443115, 0.7083189487457275, 0.21423687040805817, 0.2103121280670166, 0.056367773562669754, 0.02198590338230133, 0.03681547939777374, 0.06079278513789177, 0.3425202965736389, 0.1704408824443817, 0.07361602783203125, 0.10728674381971359, 0.04410291090607643]}