{"loss": [0.248194620013237, 0.07110611349344254, 0.04552546516060829, 0.03274718299508095, 0.021512025967240334, 0.01612120307981968, 0.015238586813211441, 0.010844307020306587, 0.009232918731868267, 0.007896898314356804, 0.00904240645468235, 0.004409104119986296, 0.004917887505143881, 0.0051131341606378555, 0.004948967136442661], "accuracy": [0.9107333421707153, 0.9757333397865295, 0.9834666848182678, 0.9896000027656555, 0.9941333532333374, 0.995199978351593, 0.9952666759490967, 0.9972000122070312, 0.9975333213806152, 0.9981333613395691, 0.9973333477973938, 0.9992666840553284, 0.9987333416938782, 0.998533308506012, 0.9986000061035156], "val_loss": [0.05249324440956116, 0.03527571260929108, 0.026210211217403412, 0.027352092787623405, 0.019289573654532433, 0.016758332028985023, 0.016369277611374855, 0.017992401495575905, 0.012772896327078342, 0.012341858819127083, 0.015252534300088882, 0.01199324056506157, 0.010206219740211964, 0.0120133301243186, 0.011734318919479847], "val_accuracy": [0.9833999872207642, 0.9894000291824341, 0.9926000237464905, 0.9914000034332275, 0.9944000244140625, 0.9955999851226807, 0.9950000047683716, 0.9945999979972839, 0.9968000054359436, 0.9962000250816345, 0.9968000054359436, 0.9968000054359436, 0.9965999722480774, 0.9965999722480774, 0.996399998664856]}