{"accuracy": [0.9616666436195374, 0.995199978351593, 0.9984666705131531, 0.998533308506012, 0.9991333484649658, 0.9994666576385498, 0.9998000264167786, 0.9997333288192749, 0.999666690826416, 0.9999333620071411, 0.9998666644096375, 0.9999333620071411, 0.9998666644096375, 1.0, 0.9998666644096375], "loss": [0.10814380645751953, 0.015586314722895622, 0.00629615131765604, 0.005236378870904446, 0.0034389845095574856, 0.0023154597729444504, 0.002425465499982238, 0.0012558959424495697, 0.002206509467214346, 0.0011549713090062141, 0.000945454288739711, 0.001103114103898406, 0.000970998895354569, 0.0005788319977000356, 0.000903619104065001], "val_accuracy": [0.20499999821186066, 0.6972000002861023, 0.9973999857902527, 0.9968000054359436, 0.9973999857902527, 0.9973999857902527, 0.9954000115394592, 0.9980000257492065, 0.998199999332428, 0.9980000257492065, 0.9983999729156494, 0.9983999729156494, 0.9983999729156494, 0.9980000257492065, 0.9977999925613403], "val_loss": [7.102110385894775, 0.8735215663909912, 0.008656824938952923, 0.010212009772658348, 0.008337807841598988, 0.006709720008075237, 0.012446663342416286, 0.007037026342004538, 0.006678192876279354, 0.005347910802811384, 0.00577250961214304, 0.006156395189464092, 0.005675862077623606, 0.006244928576052189, 0.006666210014373064]}