{"loss": [0.8613020777702332, 0.41443201899528503, 0.2740465998649597, 0.22497083246707916, 0.19934247434139252, 0.16939446330070496, 0.15407726168632507, 0.13702832162380219, 0.1127459704875946, 0.10629358887672424, 0.08835913985967636, 0.07921981811523438, 0.067181296646595, 0.05306026339530945, 0.044082287698984146], "accuracy": [0.6033333539962769, 0.8309999704360962, 0.8941333293914795, 0.9153333306312561, 0.9222666621208191, 0.93586665391922, 0.9423999786376953, 0.949400007724762, 0.9585999846458435, 0.962066650390625, 0.9685333371162415, 0.9715999960899353, 0.9750666618347168, 0.9815999865531921, 0.9842000007629395], "val_loss": [29.598464965820312, 0.5726011991500854, 0.21121537685394287, 0.28721094131469727, 0.1264137178659439, 1.7191048860549927, 0.6451320648193359, 0.128509983420372, 0.28351905941963196, 0.059071026742458344, 3.786515235900879, 0.3860889971256256, 0.05944414064288139, 0.21656003594398499, 0.04388483241200447], "val_accuracy": [0.20000000298023224, 0.8004000186920166, 0.902400016784668, 0.8876000046730042, 0.95660001039505, 0.6215999722480774, 0.7541999816894531, 0.9535999894142151, 0.890999972820282, 0.9771999716758728, 0.362199991941452, 0.8626000285148621, 0.977400004863739, 0.930400013923645, 0.9855999946594238]}