{"loss": [0.14730584621429443, 0.029761670157313347, 0.012408237904310226, 0.00939516443759203, 0.007938689552247524, 0.0051278285682201385, 0.004008371848613024, 0.004832531325519085, 0.005599108058959246, 0.0029436410404741764, 0.0022559964563697577, 0.0027150255627930164, 0.001868288149125874, 0.002685201819986105, 0.0017895838245749474], "accuracy": [0.9494666457176208, 0.9908000230789185, 0.996999979019165, 0.9977999925613403, 0.9982666373252869, 0.9993333220481873, 0.9991999864578247, 0.9990000128746033, 0.9986000061035156, 0.9994666576385498, 0.999666690826416, 0.9994666576385498, 0.9999333620071411, 0.9995999932289124, 0.9997333288192749], "val_loss": [13.416057586669922, 11.989713668823242, 3.3353121280670166, 1.4900659322738647, 0.07928372174501419, 0.01915878988802433, 0.012313875369727612, 0.011236123740673065, 0.02411770634353161, 0.011602167040109634, 0.009989546611905098, 0.010840976610779762, 0.01040465198457241, 0.011903422884643078, 0.012639503926038742], "val_accuracy": [0.20000000298023224, 0.20000000298023224, 0.24300000071525574, 0.6182000041007996, 0.972000002861023, 0.9929999709129333, 0.9955999851226807, 0.996399998664856, 0.9911999702453613, 0.9958000183105469, 0.9955999851226807, 0.9962000250816345, 0.9959999918937683, 0.9962000250816345, 0.9962000250816345]}