{"accuracy": [0.8479999899864197, 0.9243333339691162, 0.873533308506012, 0.9120000004768372, 0.9085333347320557, 0.9337999820709229, 0.9434666633605957, 0.9484666585922241, 0.9639999866485596, 0.9619333148002625, 0.9555333256721497, 0.96506667137146, 0.926800012588501, 0.7924000024795532, 0.7973333597183228], "loss": [0.4120578169822693, 0.21925687789916992, 0.34804609417915344, 0.24978959560394287, 0.25750812888145447, 0.18716371059417725, 0.1675674319267273, 0.14620518684387207, 0.10332125425338745, 0.11110857129096985, 0.12694215774536133, 0.10740281641483307, 0.211727574467659, 0.5844209790229797, 0.5545235276222229], "val_accuracy": [0.6179999709129333, 0.3582000136375427, 0.37119999527931213, 0.1956000030040741, 0.21899999678134918, 0.20000000298023224, 0.18359999358654022, 0.46860000491142273, 0.34439998865127563, 0.19140000641345978, 0.8112000226974487, 0.3061999976634979, 0.23680000007152557, 0.2264000028371811, 0.15680000185966492], "val_loss": [1.0235635042190552, 2.9856653213500977, 2.2242209911346436, 4.728731155395508, 4.889822006225586, 4.8097615242004395, 5.099088191986084, 4.718173980712891, 5.681788921356201, 9.1887845993042, 0.6934072375297546, 3.554394483566284, 4.700936794281006, 4.825399398803711, 2.221104621887207]}