{"loss": [0.1724284440279007, 0.07458269596099854, 0.05473042279481888, 0.038219548761844635, 0.03215942904353142, 0.026579217985272408, 0.01946437917649746, 0.01651214063167572, 0.014091174118220806, 0.012797543779015541, 0.010298769921064377, 0.008499101735651493, 0.009105882607400417, 0.007639385759830475, 0.005956808105111122], "accuracy": [0.9366666674613953, 0.9723333120346069, 0.9805333614349365, 0.9868666529655457, 0.9896666407585144, 0.9911333322525024, 0.9937333464622498, 0.9954666495323181, 0.9965999722480774, 0.9969333410263062, 0.9980000257492065, 0.997866690158844, 0.9976666569709778, 0.998199999332428, 0.9986666440963745], "val_loss": [1.1296519041061401, 0.2082708477973938, 0.05826164409518242, 0.029744571074843407, 0.01875285990536213, 0.02777894027531147, 0.013814018107950687, 0.016544172540307045, 0.010521406307816505, 0.007427687756717205, 0.008065394125878811, 0.006070547271519899, 0.011693349108099937, 0.007120648864656687, 0.005418398417532444], "val_accuracy": [0.42719998955726624, 0.9259999990463257, 0.9760000109672546, 0.9890000224113464, 0.9941999912261963, 0.9891999959945679, 0.9955999851226807, 0.9945999979972839, 0.9976000189781189, 0.9977999925613403, 0.996999979019165, 0.9983999729156494, 0.9968000054359436, 0.9973999857902527, 0.998199999332428]}