{"loss": [0.14066064357757568, 0.040764931589365005, 0.01779199205338955, 0.011806144379079342, 0.006928838323801756, 0.006154343485832214, 0.003968896809965372, 0.005026125814765692, 0.0028712947387248278, 0.0018699073698371649, 0.0020804014056921005, 0.002275947481393814, 0.0024281928781419992, 0.00155232276301831, 0.0017967286985367537], "accuracy": [0.9492666721343994, 0.9863333106040955, 0.9940000176429749, 0.9961333274841309, 0.9980000257492065, 0.9982666373252869, 0.9988666772842407, 0.9986000061035156, 0.9994000196456909, 0.999666690826416, 0.9995999932289124, 0.9998000264167786, 0.9993333220481873, 0.9998666644096375, 0.9995333552360535], "val_loss": [0.057631995528936386, 0.013817046768963337, 0.012020678259432316, 0.005384707823395729, 0.006611287128180265, 0.004154095891863108, 0.00535574508830905, 0.005572279449552298, 0.0044264718890190125, 0.0036747318226844072, 0.003546009538695216, 0.00239468808285892, 0.002850051037967205, 0.001936891581863165, 0.002288292394950986], "val_accuracy": [0.9789999723434448, 0.9947999715805054, 0.9950000047683716, 0.9980000257492065, 0.9973999857902527, 0.9983999729156494, 0.9980000257492065, 0.9980000257492065, 0.9990000128746033, 0.9991999864578247, 0.9986000061035156, 0.9991999864578247, 0.9995999932289124, 0.9995999932289124, 0.9987999796867371]}