{"loss": [0.24725137650966644, 0.08138100057840347, 0.04885547608137131, 0.027470054104924202, 0.02370612509548664, 0.01908537931740284, 0.016373032703995705, 0.012257196940481663, 0.011082530952990055, 0.009918613359332085, 0.009002259001135826, 0.01009361818432808, 0.006797280162572861, 0.005822130478918552, 0.0050657968968153], "accuracy": [0.911133348941803, 0.9728666543960571, 0.9842666387557983, 0.9923999905586243, 0.9931333065032959, 0.9942666888237, 0.9958666563034058, 0.9970666766166687, 0.996999979019165, 0.9977333545684814, 0.9974666833877563, 0.9976666569709778, 0.9984666705131531, 0.9989333152770996, 0.9991999864578247], "val_loss": [0.06377538293600082, 0.03544508293271065, 0.027042416855692863, 0.025702740997076035, 0.021172860637307167, 0.02221529185771942, 0.018039222806692123, 0.01808624342083931, 0.01675441674888134, 0.015744145959615707, 0.015772249549627304, 0.014848087914288044, 0.016140660271048546, 0.01349787600338459, 0.014995507895946503], "val_accuracy": [0.9787999987602234, 0.9904000163078308, 0.9923999905586243, 0.9927999973297119, 0.9941999912261963, 0.9940000176429749, 0.9941999912261963, 0.9945999979972839, 0.995199978351593, 0.995199978351593, 0.9947999715805054, 0.996399998664856, 0.9958000183105469, 0.9959999918937683, 0.9962000250816345]}