{"accuracy": [0.9631999731063843, 0.9941999912261963, 0.9977333545684814, 0.9990666508674622, 0.9995333552360535, 0.9997333288192749, 0.9998666644096375, 0.9999333620071411, 0.9998000264167786, 0.9999333620071411, 0.9997333288192749, 0.9998000264167786, 0.9999333620071411, 0.9998000264167786, 0.9998666644096375], "loss": [0.10730376094579697, 0.01715877838432789, 0.007859455421566963, 0.004089367110282183, 0.0027910820208489895, 0.0016190195456147194, 0.000993252731859684, 0.0007823649793863297, 0.0010332113597542048, 0.0008336876635439694, 0.0011558164842426777, 0.0009681731462478638, 0.000574822595808655, 0.0007310996879823506, 0.0005431176396086812], "val_accuracy": [0.9836000204086304, 0.9829999804496765, 0.9876000285148621, 0.9972000122070312, 0.9986000061035156, 0.9980000257492065, 0.9972000122070312, 0.9968000054359436, 0.9976000189781189, 0.9986000061035156, 0.9976000189781189, 0.9994000196456909, 0.9983999729156494, 0.9976000189781189, 0.9983999729156494], "val_loss": [0.04444440081715584, 0.0420815534889698, 0.029379986226558685, 0.007444783113896847, 0.004739669617265463, 0.0045327735133469105, 0.007795847486704588, 0.006663408596068621, 0.005523511674255133, 0.003841876983642578, 0.005147721618413925, 0.003267755499109626, 0.0029736508149653673, 0.007920313626527786, 0.003410997102037072]}