{"accuracy": [0.6342666745185852, 0.7754666805267334, 0.8842666745185852, 0.9152666926383972, 0.9358000159263611, 0.9487333297729492, 0.9512666463851929, 0.9607333540916443, 0.9703333377838135, 0.9746666550636292, 0.9775333404541016, 0.9793999791145325, 0.9836000204086304, 0.9883333444595337, 0.9914666414260864], "loss": [0.8088343143463135, 0.5188732743263245, 0.30316877365112305, 0.2156224548816681, 0.1583050638437271, 0.13058845698833466, 0.12542569637298584, 0.10062798112630844, 0.0775715634226799, 0.06305979937314987, 0.060874734073877335, 0.055611949414014816, 0.04614271596074104, 0.035799864679574966, 0.027428438887000084], "val_accuracy": [0.19979999959468842, 0.20080000162124634, 0.5666000247001648, 0.6615999937057495, 0.765999972820282, 0.9204000234603882, 0.9240000247955322, 0.6715999841690063, 0.8970000147819519, 0.9228000044822693, 0.8082000017166138, 0.9789999723434448, 0.9314000010490417, 0.9846000075340271, 0.9602000117301941], "val_loss": [27.144094467163086, 7.277458667755127, 1.3906528949737549, 1.0919861793518066, 0.6137112379074097, 0.2209383100271225, 0.19158326089382172, 1.2312272787094116, 0.2779102325439453, 0.1823485791683197, 0.7380049824714661, 0.05164601281285286, 0.16520383954048157, 0.04226041957736015, 0.13591749966144562]}